{
  "accuracy": 0.7881773399014779,
  "weighted_f1": 0.7818270700081703,
  "classification_report": {
    "0": {
      "precision": 0.7586206896551724,
      "recall": 0.6027397260273972,
      "f1-score": 0.6717557251908397,
      "support": 73.0
    },
    "1": {
      "precision": 0.8,
      "recall": 0.8923076923076924,
      "f1-score": 0.8436363636363636,
      "support": 130.0
    },
    "accuracy": 0.7881773399014779,
    "macro avg": {
      "precision": 0.7793103448275862,
      "recall": 0.7475237091675448,
      "f1-score": 0.7576960444136016,
      "support": 203.0
    },
    "weighted avg": {
      "precision": 0.7851197553932393,
      "recall": 0.7881773399014779,
      "f1-score": 0.7818270700081703,
      "support": 203.0
    }
  }
}