{
  "accuracy": 0.8029556650246306,
  "weighted_f1": 0.8001851952488575,
  "classification_report": {
    "0": {
      "precision": 0.7538461538461538,
      "recall": 0.6712328767123288,
      "f1-score": 0.7101449275362319,
      "support": 73.0
    },
    "1": {
      "precision": 0.8260869565217391,
      "recall": 0.8769230769230769,
      "f1-score": 0.8507462686567164,
      "support": 130.0
    },
    "accuracy": 0.8029556650246306,
    "macro avg": {
      "precision": 0.7899665551839465,
      "recall": 0.7740779768177029,
      "f1-score": 0.7804455980964742,
      "support": 203.0
    },
    "weighted avg": {
      "precision": 0.8001087368403711,
      "recall": 0.8029556650246306,
      "f1-score": 0.8001851952488575,
      "support": 203.0
    }
  }
}