{
  "accuracy": 0.6666666666666666,
  "weighted_f1": 0.5866666666666667,
  "classification_report": {
    "0": {
      "precision": 0.7142857142857143,
      "recall": 0.9090909090909091,
      "f1-score": 0.8,
      "support": 11.0
    },
    "1": {
      "precision": 0.0,
      "recall": 0.0,
      "f1-score": 0.0,
      "support": 4.0
    },
    "accuracy": 0.6666666666666666,
    "macro avg": {
      "precision": 0.35714285714285715,
      "recall": 0.45454545454545453,
      "f1-score": 0.4,
      "support": 15.0
    },
    "weighted avg": {
      "precision": 0.5238095238095238,
      "recall": 0.6666666666666666,
      "f1-score": 0.5866666666666667,
      "support": 15.0
    }
  }
}