{
  "accuracy": 0.6666666666666666,
  "weighted_f1": 0.6817042606516291,
  "classification_report": {
    "InKind": {
      "precision": 0.25,
      "recall": 0.3333333333333333,
      "f1-score": 0.2857142857142857,
      "support": 3.0
    },
    "Monetary": {
      "precision": 0.7777777777777778,
      "recall": 0.7,
      "f1-score": 0.7368421052631579,
      "support": 10.0
    },
    "Time": {
      "precision": 1.0,
      "recall": 1.0,
      "f1-score": 1.0,
      "support": 2.0
    },
    "accuracy": 0.6666666666666666,
    "macro avg": {
      "precision": 0.6759259259259259,
      "recall": 0.6777777777777777,
      "f1-score": 0.6741854636591479,
      "support": 15.0
    },
    "weighted avg": {
      "precision": 0.701851851851852,
      "recall": 0.6666666666666666,
      "f1-score": 0.6817042606516291,
      "support": 15.0
    }
  }
}