{
  "accuracy": 0.6666666666666666,
  "weighted_f1": 0.6636500754147813,
  "classification_report": {
    "Completed": {
      "precision": 0.6666666666666666,
      "recall": 0.5714285714285714,
      "f1-score": 0.6153846153846154,
      "support": 7.0
    },
    "InProgress": {
      "precision": 0.6666666666666666,
      "recall": 0.75,
      "f1-score": 0.7058823529411765,
      "support": 8.0
    },
    "accuracy": 0.6666666666666666,
    "macro avg": {
      "precision": 0.6666666666666666,
      "recall": 0.6607142857142857,
      "f1-score": 0.660633484162896,
      "support": 15.0
    },
    "weighted avg": {
      "precision": 0.6666666666666666,
      "recall": 0.6666666666666666,
      "f1-score": 0.6636500754147813,
      "support": 15.0
    }
  }
}