{
  "accuracy": 0.6354679802955665,
  "weighted_f1": 0.6414593858086155,
  "classification_report": {
    "High": {
      "precision": 0.6164383561643836,
      "recall": 0.6617647058823529,
      "f1-score": 0.6382978723404256,
      "support": 68.0
    },
    "Low": {
      "precision": 0.8596491228070176,
      "recall": 0.7205882352941176,
      "f1-score": 0.784,
      "support": 68.0
    },
    "Medium": {
      "precision": 0.4794520547945205,
      "recall": 0.5223880597014925,
      "f1-score": 0.5,
      "support": 67.0
    },
    "accuracy": 0.6354679802955665,
    "macro avg": {
      "precision": 0.6518465112553072,
      "recall": 0.634913666959321,
      "f1-score": 0.6407659574468085,
      "support": 203.0
    },
    "weighted avg": {
      "precision": 0.652695745030976,
      "recall": 0.6354679802955665,
      "f1-score": 0.6414593858086155,
      "support": 203.0
    }
  }
}