{
  "accuracy": 0.625615763546798,
  "weighted_f1": 0.6245871489676506,
  "classification_report": {
    "High": {
      "precision": 0.6091954022988506,
      "recall": 0.7794117647058824,
      "f1-score": 0.6838709677419355,
      "support": 68.0
    },
    "Low": {
      "precision": 0.8333333333333334,
      "recall": 0.6617647058823529,
      "f1-score": 0.7377049180327869,
      "support": 68.0
    },
    "Medium": {
      "precision": 0.46774193548387094,
      "recall": 0.43283582089552236,
      "f1-score": 0.4496124031007752,
      "support": 67.0
    },
    "accuracy": 0.625615763546798,
    "macro avg": {
      "precision": 0.6367568903720183,
      "recall": 0.6246707638279192,
      "f1-score": 0.6237294296251658,
      "support": 203.0
    },
    "weighted avg": {
      "precision": 0.6375894763566891,
      "recall": 0.625615763546798,
      "f1-score": 0.6245871489676506,
      "support": 203.0
    }
  }
}