{
  "accuracy": 0.26666666666666666,
  "weighted_f1": 0.22377622377622378,
  "cv_f1_mean": 0.2875324675324675,
  "classification_report": {
    "Completed": {
      "precision": 0.3333333333333333,
      "recall": 0.4,
      "f1-score": 0.36363636363636365,
      "support": 5.0
    },
    "In Progress": {
      "precision": 0.25,
      "recall": 0.4,
      "f1-score": 0.3076923076923077,
      "support": 5.0
    },
    "Not Started": {
      "precision": 0.0,
      "recall": 0.0,
      "f1-score": 0.0,
      "support": 2.0
    },
    "On Hold": {
      "precision": 0.0,
      "recall": 0.0,
      "f1-score": 0.0,
      "support": 3.0
    },
    "accuracy": 0.26666666666666666,
    "macro avg": {
      "precision": 0.14583333333333331,
      "recall": 0.2,
      "f1-score": 0.16783216783216784,
      "support": 15.0
    },
    "weighted avg": {
      "precision": 0.19444444444444445,
      "recall": 0.26666666666666666,
      "f1-score": 0.22377622377622378,
      "support": 15.0
    }
  }
}