{
  "accuracy": 0.2857142857142857,
  "weighted_f1": 0.17402597402597403,
  "cv_f1_mean": 0.15012987012987014,
  "classification_report": {
    "Adoption (Domestic)": {
      "precision": 0.0,
      "recall": 0.0,
      "f1-score": 0.0,
      "support": 4.0
    },
    "Adoption (Inter-Country)": {
      "precision": 0.0,
      "recall": 0.0,
      "f1-score": 0.0,
      "support": 1.0
    },
    "Family Reunification": {
      "precision": 0.0,
      "recall": 0.0,
      "f1-score": 0.0,
      "support": 4.0
    },
    "Foster Care": {
      "precision": 0.375,
      "recall": 1.0,
      "f1-score": 0.5454545454545454,
      "support": 3.0
    },
    "Independent Living": {
      "precision": 0.3333333333333333,
      "recall": 0.5,
      "f1-score": 0.4,
      "support": 2.0
    },
    "accuracy": 0.2857142857142857,
    "macro avg": {
      "precision": 0.14166666666666666,
      "recall": 0.3,
      "f1-score": 0.1890909090909091,
      "support": 14.0
    },
    "weighted avg": {
      "precision": 0.12797619047619047,
      "recall": 0.2857142857142857,
      "f1-score": 0.17402597402597403,
      "support": 14.0
    }
  }
}