{
  "accuracy": 0.6666666666666666,
  "weighted_f1": 0.6476190476190475,
  "classification_report": {
    "High": {
      "precision": 0.0,
      "recall": 0.0,
      "f1-score": 0.0,
      "support": 1.0
    },
    "Low": {
      "precision": 0.6666666666666666,
      "recall": 0.8888888888888888,
      "f1-score": 0.7619047619047619,
      "support": 9.0
    },
    "Medium": {
      "precision": 1.0,
      "recall": 0.4,
      "f1-score": 0.5714285714285714,
      "support": 5.0
    },
    "accuracy": 0.6666666666666666,
    "macro avg": {
      "precision": 0.5555555555555555,
      "recall": 0.4296296296296296,
      "f1-score": 0.4444444444444444,
      "support": 15.0
    },
    "weighted avg": {
      "precision": 0.7333333333333333,
      "recall": 0.6666666666666666,
      "f1-score": 0.6476190476190475,
      "support": 15.0
    }
  }
}